City_ID,City,Country,Date,Lat,Lng,Max Temp,Humidity,Cloudiness,Wind Speed
0,Beltangadi,IN,2022-01-30 12:02:16,13.9833,75.3,303.56,30,32,2.42
1,Saint-Philippe,RE,2022-01-30 12:02:17,-21.3585,55.7679,302.92,71,33,6.18
2,Ilulissat,GL,2022-01-30 12:02:17,69.2167,-51.1,260.16,66,75,5.66
3,Kapaa,US,2022-01-30 12:02:17,22.0752,-159.319,294.33,59,59,4.21
4,Bambous Virieux,MU,2022-01-30 12:02:18,-20.3428,57.7575,303.29,66,40,5.66
5,Mountain Home,US,2022-01-30 12:02:19,43.133,-115.6912,263.59,77,42,2.2
6,Neu-Ulm,DE,2022-01-30 12:02:19,48.3928,10.0111,281.2,73,57,7.53
7,Sao Joao Da Barra,BR,2022-01-30 12:02:19,-21.6403,-41.0511,299.67,79,92,2.48
8,Chuy,UY,2022-01-30 12:02:20,-33.6971,-53.4616,296.49,59,57,3.63
9,Georgetown,MY,2022-01-30 12:01:45,5.4112,100.3354,303.11,76,20,1.54
10,Antofagasta,CL,2022-01-30 12:02:20,-23.65,-70.4,292.24,73,52,2.01
11,Punta Arenas,CL,2022-01-30 12:02:21,-53.15,-70.9167,279.88,70,27,7.94
12,Svetlogorsk,BY,2022-01-30 12:02:21,52.6333,29.7333,274.08,98,96,6.24
13,Gamba,GA,2022-01-30 12:02:22,-2.65,10.0,301.81,66,68,3.93
14,Shwebo,MM,2022-01-30 12:02:22,22.5667,95.7,293.67,44,0,1.91
15,Albany,US,2022-01-30 12:00:01,42.6001,-73.9662,258.2,54,12,0.45
16,Arya,PK,2022-01-30 12:02:23,33.6,73.0667,289.95,46,62,2.68
17,Puerto Ayora,EC,2022-01-30 11:58:12,-0.7393,-90.3518,295.37,87,100,3.18
18,Ushuaia,AR,2022-01-30 11:59:42,-54.8,-68.3,279.96,70,75,11.32
19,Vila Franca Do Campo,PT,2022-01-30 12:02:24,37.7167,-25.4333,287.38,73,66,7.38
20,Andenes,NO,2022-01-30 12:02:24,69.3143,16.1194,267.14,73,0,3.09
21,Kamareddi,IN,2022-01-30 12:02:24,18.3167,78.35,299.0,17,7,1.79
22,Vaini,TO,2022-01-30 12:02:25,-21.2,-175.2,300.28,78,100,6.12
23,Khorixas,NA,2022-01-30 12:02:26,-20.3667,14.9667,301.57,39,71,6.08
24,Lodwar,KE,2022-01-30 12:02:26,3.1191,35.5973,307.96,21,44,7.73
25,Qaanaaq,GL,2022-01-30 12:02:27,77.484,-69.3632,251.27,85,100,2.12
26,Carnarvon,AU,2022-01-30 12:02:27,-24.8667,113.6333,298.39,84,1,9.44
27,Pangnirtung,CA,2022-01-30 12:02:28,66.1451,-65.7125,242.63,92,100,2.57
28,Zhuhai,CN,2022-01-30 12:02:28,22.2769,113.5678,289.88,59,0,9.26
29,Wanning,CN,2022-01-30 12:02:28,18.8003,110.3967,293.13,88,100,5.36
30,Cape Town,ZA,2022-01-30 11:58:10,-33.9258,18.4232,309.88,45,0,2.68
31,Teruel,ES,2022-01-30 12:02:29,40.6667,-0.6667,288.22,17,0,1.93
32,Taoudenni,ML,2022-01-30 12:02:29,22.6783,-3.9836,301.27,10,82,7.72
33,Thompson,CA,2022-01-30 12:01:12,55.7435,-97.8558,253.89,99,100,1.44
34,Padampur,IN,2022-01-30 12:02:30,29.6833,73.6167,294.37,23,0,1.23
35,Avarua,CK,2022-01-30 12:02:30,-21.2078,-159.775,298.18,88,40,4.63
36,Vanimo,PG,2022-01-30 12:02:31,-2.6741,141.3028,299.29,83,96,4.79
37,Crimmitschau,DE,2022-01-30 12:00:04,50.8167,12.3833,278.86,67,98,11.52
38,Kodiak,US,2022-01-30 12:02:31,57.79,-152.4072,269.28,79,52,3.39
39,Tommot,RU,2022-01-30 12:02:32,58.9564,126.2925,253.98,96,100,3.04
40,Doha,QA,2022-01-30 12:00:13,25.2867,51.5333,296.14,35,0,4.63
41,Dosso,NE,2022-01-30 12:02:32,13.049,3.1937,303.4,7,6,8.88
42,Faanui,PF,2022-01-30 12:02:33,-16.4833,-151.75,299.88,73,100,3.58
43,Tuktoyaktuk,CA,2022-01-30 12:02:33,69.4541,-133.0374,252.17,97,100,7.65
44,Hithadhoo,MV,2022-01-30 12:02:34,-0.6,73.0833,301.1,63,99,2.29
45,Tessalit,ML,2022-01-30 12:02:34,20.1986,1.0114,301.24,10,2,6.82
46,Hermanus,ZA,2022-01-30 12:03:35,-34.4187,19.2345,310.87,47,91,7.93
47,Egvekinot,RU,2022-01-30 12:03:35,66.3167,-179.1667,253.61,65,15,2.89
48,Japura,ID,2022-01-30 12:03:35,-0.3167,102.35,298.15,92,95,1.23
49,Vila Velha,BR,2022-01-30 12:03:36,-20.3297,-40.2925,300.12,85,20,0.45
50,Huarmey,PE,2022-01-30 12:03:36,-10.0681,-78.1522,294.07,87,100,2.53
51,Luau,AO,2022-01-30 12:03:37,-10.7073,22.2247,296.45,84,61,3.6
52,Cap Malheureux,MU,2022-01-30 12:03:37,-19.9842,57.6142,303.42,60,24,3.58
53,Lavrentiya,RU,2022-01-30 12:03:38,65.5833,-171.0,253.84,85,19,2.14
54,Olafsvik,IS,2022-01-30 12:03:38,64.8945,-23.7142,271.87,74,100,18.14
55,Callaway,US,2022-01-30 12:03:39,30.153,-85.5699,271.11,86,0,0.0
56,Mareeba,AU,2022-01-30 12:03:39,-17.0,145.4333,297.55,93,64,0.88
57,Mataura,NZ,2022-01-30 12:03:40,-46.1927,168.8643,288.42,96,95,1.03
58,Whitehorse,CA,2022-01-30 12:03:41,60.7161,-135.0538,261.38,78,100,0.45
59,New Norfolk,AU,2022-01-30 12:03:41,-42.7826,147.0587,289.21,63,4,0.49
60,Port Blair,IN,2022-01-30 12:03:42,11.6667,92.75,298.75,66,47,4.39
61,Jamestown,US,2022-01-30 12:00:19,42.097,-79.2353,260.92,89,99,1.88
62,Hualmay,PE,2022-01-30 12:03:42,-11.0964,-77.6139,293.79,87,100,2.79
63,Rikitea,PF,2022-01-30 12:03:43,-23.1203,-134.9692,297.78,59,99,2.67
64,Cherskiy,RU,2022-01-30 12:03:43,68.75,161.3,239.78,100,60,1.51
65,Atuona,PF,2022-01-30 12:03:44,-9.8,-139.0333,298.32,74,5,5.24
66,Bilibino,RU,2022-01-30 12:03:44,68.0546,166.4372,252.59,91,99,2.46
67,Pevek,RU,2022-01-30 12:03:45,69.7008,170.3133,249.4,94,100,0.42
68,Maneadero,MX,2022-01-30 12:03:01,31.7167,-116.5667,284.77,50,0,1.03
69,Aykhal,RU,2022-01-30 12:03:45,66.0,111.5,242.99,100,31,1.79
70,Livingstone,ZM,2022-01-30 12:00:26,-17.8419,25.8543,293.55,93,100,3.34
71,Concepcion,CL,2022-01-30 12:03:47,-36.827,-73.0498,287.61,73,2,1.09
72,Port Alfred,ZA,2022-01-30 12:03:47,-33.5906,26.891,300.5,67,18,7.7
73,Ngunguru,NZ,2022-01-30 12:03:47,-35.6167,174.5,289.91,79,98,3.01
74,Winslow,US,2022-01-30 12:03:48,35.0242,-110.6974,277.57,70,100,0.45
75,Kurilsk,RU,2022-01-30 12:03:48,45.2333,147.8833,265.87,52,97,8.28
76,Yellowknife,CA,2022-01-30 12:00:14,62.456,-114.3525,249.59,86,100,2.57
77,Yar-Sale,RU,2022-01-30 12:03:50,66.8333,70.8333,252.18,97,95,3.83
78,Ust-Kulom,RU,2022-01-30 12:03:50,61.6864,53.6902,260.18,97,100,2.09
79,Norman Wells,CA,2022-01-30 12:03:51,65.282,-126.8329,243.77,97,100,2.61
80,Hilo,US,2022-01-30 12:02:35,19.7297,-155.09,293.04,85,45,2.68
81,Ixtapa,MX,2022-01-30 12:00:25,20.7,-105.2,291.05,93,5,1.59
82,Waipawa,NZ,2022-01-30 12:03:51,-41.4122,175.5153,287.5,92,61,0.95
83,Opuwo,NA,2022-01-30 12:03:52,-18.0607,13.84,304.03,15,78,6.47
84,Barrow,US,2022-01-30 12:03:52,71.2906,-156.7887,254.16,78,100,6.17
85,Busselton,AU,2022-01-30 12:03:53,-33.65,115.3333,293.75,74,0,10.35
86,Arraial Do Cabo,BR,2022-01-30 11:59:10,-22.9661,-42.0278,301.07,74,75,2.57
87,Voh,NC,2022-01-30 12:03:53,-20.9667,164.7,298.85,87,100,1.82
88,Mwinilunga,ZM,2022-01-30 12:03:54,-11.7358,24.4293,295.29,81,85,4.16
89,Brigantine,US,2022-01-30 12:03:54,39.4101,-74.3646,262.6,55,0,3.09
90,Port Lincoln,AU,2022-01-30 12:03:55,-34.7333,135.8667,293.57,82,0,4.68
91,Itarema,BR,2022-01-30 12:04:55,-2.9248,-39.9167,297.15,90,100,4.77
92,Deputatskiy,RU,2022-01-30 12:04:56,69.3,139.9,242.16,100,70,1.31
93,Narsaq,GL,2022-01-30 12:04:56,60.9167,-46.05,260.27,69,94,5.02
94,Entre Rios,BR,2022-01-30 12:04:56,-11.9419,-38.0844,297.38,83,100,1.61
95,Vardo,NO,2022-01-30 12:04:57,70.3705,31.1107,264.26,76,98,4.16
96,Iskateley,RU,2022-01-30 12:04:58,67.6803,53.1512,261.75,93,99,5.49
97,Auki,SB,2022-01-30 12:04:58,-8.7676,160.7034,299.01,88,100,2.25
98,Kaitangata,NZ,2022-01-30 12:04:58,-46.2817,169.8464,286.88,94,96,1.74
99,Ribeira Grande,PT,2022-01-30 12:04:59,38.5167,-28.7,289.37,63,40,8.23
100,Lewistown,US,2022-01-30 12:04:59,40.5992,-77.5714,263.6,66,0,2.57
101,Ondangwa,NA,2022-01-30 12:05:00,-17.9167,15.95,299.23,40,100,5.37
102,Bredasdorp,ZA,2022-01-30 12:05:00,-34.5322,20.0403,303.86,52,76,7.28
103,Kavaratti,IN,2022-01-30 12:05:01,10.5669,72.642,300.96,67,49,4.59
104,Flinders,AU,2022-01-30 12:05:01,-34.5833,150.8552,297.71,89,75,1.98
105,Sitka,US,2022-01-30 12:05:02,57.0531,-135.33,274.09,86,75,3.6
106,Lakatoro,VU,2022-01-30 12:05:03,-16.0999,167.4164,298.57,91,100,2.85
107,Lunca,RO,2022-01-30 12:05:03,43.8333,24.7667,283.38,45,25,9.81
108,Hobart,AU,2022-01-30 12:00:04,-42.8794,147.3294,289.41,81,20,3.09
109,La Ronge,CA,2022-01-30 12:01:17,55.1001,-105.2842,265.23,96,100,2.11
110,Dikson,RU,2022-01-30 12:05:04,73.5069,80.5464,258.84,94,100,8.21
111,Aripuana,BR,2022-01-30 12:05:04,-9.1667,-60.6333,294.63,100,100,1.06
112,Igrim,RU,2022-01-30 12:05:05,63.1906,64.4162,254.16,100,95,1.68
113,Sorong,ID,2022-01-30 12:05:05,-0.8833,131.25,300.78,78,96,5.95
114,Sorland,NO,2022-01-30 12:05:06,67.667,12.6934,273.19,82,99,16.15
115,Ostrovnoy,RU,2022-01-30 12:05:06,68.0531,39.5131,262.17,92,100,3.41
116,Ancud,CL,2022-01-30 12:05:07,-41.8697,-73.8203,285.05,69,37,3.34
117,Cabo San Lucas,MX,2022-01-30 12:04:51,22.8909,-109.9124,292.88,78,14,3.01
118,Duluth,US,2022-01-30 12:03:42,46.7833,-92.1066,262.86,75,100,4.63
119,Teknaf,BD,2022-01-30 12:05:08,20.8624,92.3058,292.85,52,0,6.28
120,Along,IN,2022-01-30 12:05:08,28.1667,94.7667,285.76,61,36,0.35
121,Rosetta,EG,2022-01-30 12:05:08,31.4044,30.4164,288.12,44,82,7.57
122,Sao Filipe,CV,2022-01-30 12:05:09,14.8961,-24.4956,294.82,71,99,6.32
123,Portland,US,2022-01-30 11:53:16,45.5234,-122.6762,277.15,81,99,1.79
124,Kuala Terengganu,MY,2022-01-30 12:05:00,5.3302,103.1408,298.78,75,21,3.05
125,Port Elizabeth,ZA,2022-01-30 12:05:10,-33.918,25.5701,306.54,63,8,6.04
126,Butaritari,KI,2022-01-30 12:05:10,3.0707,172.7902,300.94,77,100,9.5
127,Caravelas,BR,2022-01-30 12:05:11,-17.7125,-39.2481,302.82,62,23,3.91
128,Bethel,US,2022-01-30 12:05:11,41.3712,-73.414,262.31,53,0,3.09
129,Hasaki,JP,2022-01-30 12:05:11,35.7333,140.8333,277.37,50,100,5.14
130,Nikolskoye,RU,2022-01-30 12:05:12,59.7035,30.7861,272.99,92,100,4.8
131,Kloulklubed,PW,2022-01-30 12:05:12,7.0419,134.2556,301.49,65,99,5.67
132,Wanaka,NZ,2022-01-30 12:05:13,-44.7,169.15,287.53,75,55,0.57
133,Erdenet,MN,2022-01-30 12:05:13,49.0333,104.0833,250.75,97,16,1.43
134,Porto Novo,BJ,2022-01-30 12:05:13,6.4965,2.6036,308.42,13,100,2.52
135,Saint-Leu,RE,2022-01-30 12:05:14,-21.15,55.2833,302.63,73,25,7.92
136,Senanga,ZM,2022-01-30 12:05:14,-16.1167,23.2667,292.52,92,100,3.38
137,Provideniya,RU,2022-01-30 12:05:15,64.3833,-173.3,257.57,80,3,2.57
138,Mahebourg,MU,2022-01-30 12:06:15,-20.4081,57.7,303.31,66,40,5.66
139,Ogre,LV,2022-01-30 12:02:02,56.8162,24.614,275.11,96,100,3.48
140,Calabozo,VE,2022-01-30 12:06:16,8.9242,-67.4293,297.4,65,99,4.17
141,Alofi,NU,2022-01-30 12:06:16,-19.0595,-169.9187,300.26,76,94,5.34
142,Bodden Town,KY,2022-01-30 12:06:17,19.2833,-81.25,295.15,64,75,4.47
143,Vestmannaeyjar,IS,2022-01-30 12:06:17,63.4427,-20.2734,275.7,60,75,13.89
144,Saskylakh,RU,2022-01-30 12:06:18,71.9167,114.0833,247.7,100,100,1.01
145,Epping,AU,2022-01-30 12:06:18,-33.7727,151.0818,297.54,85,15,0.89
146,Khatanga,RU,2022-01-30 12:06:18,71.9667,102.5,245.63,93,100,3.46
147,Constitucion,CL,2022-01-30 12:06:19,-35.3333,-72.4167,289.76,82,14,2.01
148,Sambava,MG,2022-01-30 12:06:19,-14.2667,50.1667,302.51,68,53,6.26
149,Anloga,GH,2022-01-30 12:06:20,5.7947,0.8973,302.39,36,97,4.06
150,Cap-Chat,CA,2022-01-30 12:06:20,49.1001,-66.6821,262.17,94,100,6.82
151,Geraldton,AU,2022-01-30 12:06:20,-28.7667,114.6,296.38,83,0,6.17
152,Copparo,IT,2022-01-30 12:06:21,44.893,11.8249,285.37,64,26,3.36
153,Torbay,CA,2022-01-30 12:06:21,47.6666,-52.7314,285.24,97,100,8.75
154,Bluff,NZ,2022-01-30 12:06:22,-46.6,168.3333,288.6,91,100,2.52
155,Batagay-Alyta,RU,2022-01-30 12:06:22,67.8006,130.4114,243.18,97,69,1.5
156,Lata,PT,2022-01-30 12:06:23,40.1629,-8.3327,291.33,27,50,1.66
157,Tiksi,RU,2022-01-30 12:06:23,71.6872,128.8694,247.7,100,51,1.78
158,Clarksdale,US,2022-01-30 12:06:23,34.2001,-90.5709,277.24,80,0,2.06
159,Beatrice,US,2022-01-30 12:06:24,40.2681,-96.747,269.85,76,13,3.32
160,Ahipara,NZ,2022-01-30 12:06:24,-35.1667,173.1667,289.4,89,99,2.97
161,Severo-Kurilsk,RU,2022-01-30 12:06:25,50.6789,156.125,269.83,92,100,7.16
162,Guerrero Negro,MX,2022-01-30 12:06:25,27.9769,-114.0611,287.83,75,29,4.47
163,Asau,RO,2022-01-30 12:06:25,46.4333,26.4,281.15,61,85,5.77
164,Maua,BR,2022-01-30 12:03:05,-23.6678,-46.4614,292.31,98,100,2.65
165,Vangaindrano,MG,2022-01-30 12:06:26,-23.35,47.6,301.59,57,0,4.3
166,Labuhan,ID,2022-01-30 12:06:26,-6.8844,112.2051,299.01,88,97,3.96
167,Abu Kamal,SY,2022-01-30 12:06:27,34.4506,40.9171,286.28,42,64,1.42
168,Kota Tinggi,MY,2022-01-30 12:06:27,1.7381,103.8999,300.12,78,95,2.04
169,Hofn,IS,2022-01-30 12:06:28,64.2539,-15.2082,274.49,97,100,4.63
170,Hamilton,US,2022-01-30 12:06:28,39.1834,-84.5333,268.03,74,0,0.89
171,Roma,US,2022-01-30 12:06:03,43.2128,-75.4557,253.55,83,25,0.73
172,Jilin,CN,2022-01-30 12:06:29,43.0,126.0,255.83,85,3,0.9
173,Saldanha,ZA,2022-01-30 12:06:29,-33.0117,17.9442,295.43,62,15,5.55
174,Gamboma,CG,2022-01-30 12:06:29,-1.8764,15.8644,308.48,31,85,1.68
175,Port-Gentil,GA,2022-01-30 12:06:30,-0.7193,8.7815,300.34,75,96,2.32
176,Kerva,RU,2022-01-30 12:06:30,55.6117,39.5766,268.41,92,97,4.01
177,Baykit,RU,2022-01-30 12:06:31,61.67,96.37,251.07,100,94,0.53
178,Bakchar,RU,2022-01-30 12:06:31,57.0186,82.0711,259.57,95,90,2.64
179,Saint-Pierre,RE,2022-01-30 12:06:32,-21.3393,55.4781,302.97,62,12,11.32
180,Bengkulu,ID,2022-01-30 12:06:32,-3.8004,102.2655,299.35,86,100,2.49
181,Nazas,MX,2022-01-30 12:07:33,25.2333,-104.1333,280.75,76,7,0.84
182,Khasan,RU,2022-01-30 12:07:34,42.4308,130.6434,267.85,52,4,7.87
183,Grindavik,IS,2022-01-30 12:07:34,63.8424,-22.4338,272.12,93,75,15.43
184,Upernavik,GL,2022-01-30 12:07:35,72.7868,-56.1549,250.87,96,100,3.7
185,Lebu,CL,2022-01-30 12:07:35,-37.6167,-73.65,288.3,83,18,1.2
186,Kant,IN,2022-01-30 12:07:35,27.8,79.8,289.85,58,0,3.13
187,Anadyr,RU,2022-01-30 12:07:36,64.75,177.4833,244.78,100,96,0.45
188,Kununurra,AU,2022-01-30 12:07:36,-15.7667,128.7333,304.14,62,75,8.23
189,Diebougou,BF,2022-01-30 12:07:37,10.9667,-3.25,306.36,9,14,5.28
190,Cidreira,BR,2022-01-30 12:07:37,-30.1811,-50.2056,297.14,59,63,6.48
191,Sayyan,YE,2022-01-30 12:07:38,15.1718,44.3244,294.16,16,4,2.14
192,Xam Nua,LA,2022-01-30 12:07:38,20.4197,104.0439,286.13,97,87,1.42
193,Talnakh,RU,2022-01-30 12:07:39,69.4865,88.3972,252.35,97,100,3.67
194,Palana,RU,2022-01-30 12:07:39,59.1167,159.9667,259.91,87,94,6.91
195,Portales,US,2022-01-30 12:07:40,34.1862,-103.3344,272.56,27,39,3.42
196,Clyde River,CA,2022-01-30 12:07:40,70.4692,-68.5914,245.57,96,100,1.42
197,Dunedin,NZ,2022-01-30 12:07:40,-45.8742,170.5036,289.71,82,86,2.24
198,Katsuura,JP,2022-01-30 12:07:41,35.1333,140.3,279.37,50,100,3.05
199,Sinnamary,GF,2022-01-30 12:07:41,5.3833,-52.95,298.89,82,56,4.49
200,Wajir,KE,2022-01-30 12:07:42,1.7471,40.0573,307.29,25,18,3.98
201,Buala,SB,2022-01-30 12:07:42,-8.145,159.5921,299.92,84,99,2.25
202,Almaznyy,RU,2022-01-30 12:07:43,48.0448,40.045,273.23,90,79,6.43
203,Castro,BR,2022-01-30 12:07:43,-24.7911,-50.0119,290.54,99,100,2.39
204,Saint George,US,2022-01-30 12:07:44,37.1041,-113.5841,279.46,35,0,1.54
205,Sorgun,TR,2022-01-30 12:07:44,39.8101,35.186,271.08,94,100,3.11
206,Chokurdakh,RU,2022-01-30 12:07:45,70.6333,147.9167,240.25,88,50,1.2
207,Buraydah,SA,2022-01-30 12:07:37,26.326,43.975,294.06,30,2,1.93
208,Belle Fourche,US,2022-01-30 12:07:45,44.6714,-103.8522,279.88,43,73,2.26
209,Jos,NG,2022-01-30 12:07:46,9.9167,8.9,297.69,10,61,5.4
210,Ihosy,MG,2022-01-30 12:07:46,-22.4,46.1167,305.5,26,0,4.09
211,Santa Maria Del Oro,MX,2022-01-30 12:07:47,25.9333,-105.3667,279.04,75,14,1.82
212,Fougamou,GA,2022-01-30 12:07:47,-1.2154,10.5838,304.13,61,90,1.68
213,College,US,2022-01-30 12:07:48,64.8569,-147.8028,240.37,67,0,0.0
214,Ambatondrazaka,MG,2022-01-30 12:07:48,-17.8333,48.4167,302.96,44,7,0.88
215,Yaan,NG,2022-01-30 12:07:49,7.3833,8.5667,306.46,9,99,6.19
216,San Andres,CO,2022-01-30 12:07:49,12.5847,-81.7006,298.16,78,20,1.54
217,Clocolan,ZA,2022-01-30 12:07:49,-28.9137,27.5656,302.23,26,3,0.61
218,Biak,ID,2022-01-30 12:07:50,-0.9131,122.8766,298.84,80,97,2.56
219,Conceicao Do Araguaia,BR,2022-01-30 12:07:51,-8.2578,-49.2647,296.28,90,100,2.06
220,Burns Lake,CA,2022-01-30 12:07:51,54.2331,-125.7533,266.43,100,83,1.51
221,Mabaruma,GY,2022-01-30 12:07:51,8.2,-59.7833,296.76,78,60,0.8
222,Mizdah,LY,2022-01-30 12:08:52,31.4451,12.9801,284.0,56,57,7.31
223,Beyneu,KZ,2022-01-30 12:08:52,45.3167,55.2,274.74,84,100,4.28
224,Vestmanna,FO,2022-01-30 12:08:53,62.1564,-7.1664,275.66,81,100,4.12
225,Sao Gabriel Da Cachoeira,BR,2022-01-30 12:08:53,-0.1303,-67.0892,296.6,92,100,1.13
226,Pafos,CY,2022-01-30 12:08:53,34.7667,32.4167,289.03,59,40,6.17
227,Moron,AR,2022-01-30 12:08:54,-34.6534,-58.6198,297.47,69,0,3.96
228,Port Hardy,CA,2022-01-30 12:08:54,50.6996,-127.4199,279.13,93,100,8.75
229,Marsh Harbour,BS,2022-01-30 12:08:20,26.5412,-77.0636,289.28,62,100,7.74
230,Vallenar,CL,2022-01-30 12:08:55,-28.5708,-70.7581,290.04,75,0,1.68
231,Bowen,AU,2022-01-30 12:08:55,-20.0167,148.2333,300.04,81,19,5.21
232,Ranau,MY,2022-01-30 12:08:30,5.9538,116.6641,296.51,97,94,0.15
233,Pangai,TO,2022-01-30 12:08:56,-19.8,-174.35,300.48,77,98,5.18
234,Sabha,LY,2022-01-30 12:08:56,27.0377,14.4283,287.53,33,0,7.23
235,Duki,PK,2022-01-30 12:08:57,30.1541,68.5728,289.74,27,0,2.08
236,Maningrida,AU,2022-01-30 12:08:57,-12.0667,134.2667,298.33,91,100,4.09
237,Abha,SA,2022-01-30 12:08:57,18.2164,42.5053,291.29,45,20,5.14
238,Shache,CN,2022-01-30 12:08:58,38.4167,77.2406,273.95,32,7,2.9
239,Iranshahr,IR,2022-01-30 12:08:58,27.2025,60.6848,295.93,31,0,4.41
240,Asfi,MA,2022-01-30 12:08:59,32.2994,-9.2372,294.93,41,6,1.37
241,Krieglach,AT,2022-01-30 12:08:59,47.5333,15.55,284.62,75,65,11.39
242,Aklavik,CA,2022-01-30 12:09:00,68.2191,-135.0107,253.72,91,100,2.83
243,Alta Floresta,BR,2022-01-30 12:09:00,-9.8756,-56.0861,294.24,99,100,1.52
244,North Bend,US,2022-01-30 12:05:11,43.4065,-124.2243,279.89,99,20,2.06
245,Beian,NO,2022-01-30 12:09:00,63.6559,9.5683,275.2,64,40,10.29
246,Malanje,AO,2022-01-30 12:09:01,-9.5402,16.341,296.42,79,100,3.26
247,Fortuna,US,2022-01-30 12:09:01,40.5982,-124.1573,281.29,95,100,0.45
248,East London,ZA,2022-01-30 12:09:02,-33.0153,27.9116,300.44,64,26,7.63
249,Te Anau,NZ,2022-01-30 12:09:02,-45.4167,167.7167,286.31,94,74,0.27
250,Kavieng,PG,2022-01-30 12:09:03,-2.5744,150.7967,300.41,78,100,2.04
251,Bijie,CN,2022-01-30 12:09:03,27.3125,105.2942,273.39,95,100,2.51
252,Longyearbyen,SJ,2022-01-30 12:09:03,78.2186,15.6401,260.06,66,20,7.2
253,Aden,YE,2022-01-30 12:05:25,12.7794,45.0367,298.94,63,96,5.01
254,Airai,TL,2022-01-30 12:09:04,-8.9266,125.4092,289.83,90,100,1.43
255,Balikpapan,ID,2022-01-30 12:09:04,-1.2675,116.8289,300.7,89,20,1.03
256,Saint Stephen,GB,2022-01-30 12:09:05,50.3333,-4.9,283.12,74,67,2.28
257,Medicine Hat,CA,2022-01-30 12:09:05,50.0501,-110.6683,270.19,68,88,3.51
258,Fukue,JP,2022-01-30 12:09:05,32.6881,128.8419,280.86,54,28,8.21
259,Bardiyah,LY,2022-01-30 12:09:06,31.7561,25.0865,286.02,71,77,13.93
260,Kalmunai,LK,2022-01-30 12:09:06,7.4167,81.8167,300.25,79,40,4.33
261,Avera,US,2022-01-30 12:09:07,33.194,-82.5271,271.88,35,0,2.98
262,Pacific Grove,US,2022-01-30 12:09:07,36.6177,-121.9166,284.61,64,0,0.45
263,Lambarene,GA,2022-01-30 12:09:08,-0.7001,10.2406,304.34,59,97,1.85
264,Los Llanos De Aridane,ES,2022-01-30 12:09:08,28.6585,-17.9182,291.01,78,0,2.24
265,Lago Da Pedra,BR,2022-01-30 12:09:08,-4.3333,-45.1667,296.41,92,97,1.48
266,Iqaluit,CA,2022-01-30 12:09:09,63.7506,-68.5145,244.28,95,99,2.35
267,Beloha,MG,2022-01-30 12:09:09,-25.1667,45.05,307.93,31,16,7.93
268,Klaksvik,FO,2022-01-30 12:10:10,62.2266,-6.589,276.66,65,100,7.58
269,Gao,ML,2022-01-30 12:10:10,16.6362,1.637,301.22,9,15,8.86
270,Anton Lizardo,MX,2022-01-30 12:10:10,19.05,-95.9833,288.27,78,98,3.29
271,Saint-Augustin,CA,2022-01-30 12:10:11,51.226,-58.6502,272.38,95,100,8.07
272,Kirkuk,IQ,2022-01-30 12:10:11,35.4681,44.3922,284.07,48,69,2.47
273,Dingle,PH,2022-01-30 12:10:11,10.9995,122.6711,298.68,87,26,0.87
274,Baruun-Urt,MN,2022-01-30 12:10:12,46.6806,113.2792,255.25,88,100,4.08
275,Atambua,ID,2022-01-30 12:10:12,-9.1061,124.8925,297.2,87,100,2.43
276,Ha Giang,VN,2022-01-30 12:10:13,22.8333,104.9833,287.4,96,100,1.48
277,Kedrovyy,RU,2022-01-30 12:10:13,56.1667,91.8167,252.52,99,34,1.5
278,Esperance,AU,2022-01-30 12:10:13,-33.8667,121.9,298.56,47,15,8.33
279,Pacifica,US,2022-01-30 12:09:04,37.6138,-122.4869,284.49,90,20,0.45
280,Mar Del Plata,AR,2022-01-30 12:08:20,-38.0023,-57.5575,297.16,72,0,9.39
281,Simao,CN,2022-01-30 12:10:14,22.7886,100.9748,284.29,60,9,0.26
282,Gat,IL,2022-01-30 12:08:04,31.61,34.7642,290.25,43,0,1.83
283,Ulladulla,AU,2022-01-30 12:10:15,-35.35,150.4667,295.42,92,49,2.24
284,Riyadh,SA,2022-01-30 12:06:22,24.6877,46.7219,291.23,28,0,4.23
285,Batagay,RU,2022-01-30 12:10:15,67.6333,134.6333,237.96,98,86,1.52
286,Jackson,US,2022-01-30 12:00:17,42.4165,-122.8345,275.29,76,30,1.34
287,Solvychegodsk,RU,2022-01-30 12:10:16,61.3305,46.9156,262.83,96,76,1.74
288,Mandal,IN,2022-01-30 12:10:16,25.45,74.5667,295.81,27,0,3.7
289,Bubaque,GW,2022-01-30 12:10:17,11.2833,-15.8333,298.54,44,24,4.42
290,Lompoc,US,2022-01-30 12:10:17,34.6391,-120.4579,284.37,86,0,0.0
291,Namibe,AO,2022-01-30 12:10:17,-15.1961,12.1522,298.1,65,88,5.62
292,Tamandare,BR,2022-01-30 12:10:18,-8.7597,-35.1047,300.35,76,98,3.71
293,Adre,TD,2022-01-30 12:10:18,13.4667,22.2,300.37,11,7,2.25
294,Derzhavinsk,KZ,2022-01-30 12:10:19,51.1,66.3167,259.62,91,98,6.9
295,Lovozero,RU,2022-01-30 12:10:19,68.005,35.0117,256.02,94,74,3.33
296,Weymouth,US,2022-01-30 12:05:48,42.2209,-70.9398,261.9,70,75,0.89
297,Chimbote,PE,2022-01-30 12:10:20,-9.0853,-78.5783,293.25,89,100,1.97
298,Bogorodskoye,RU,2022-01-30 12:10:20,56.55,37.8833,269.87,90,100,5.52
299,San Policarpo,PH,2022-01-30 12:10:20,12.1791,125.5072,300.07,80,53,1.13
300,Tual,ID,2022-01-30 12:10:21,-5.6667,132.75,302.24,74,100,6.74
301,Magaria,NE,2022-01-30 12:10:21,12.9983,8.9099,299.93,10,59,7.33
302,Moyale,KE,2022-01-30 12:10:22,3.5167,39.0584,304.77,14,63,5.5
303,Beringovskiy,RU,2022-01-30 12:10:22,63.05,179.3167,248.53,100,84,2.16
304,Isangel,VU,2022-01-30 12:10:23,-19.55,169.2667,299.13,90,100,4.39
305,Denpasar,ID,2022-01-30 12:10:06,-8.65,115.2167,300.96,78,20,4.63
306,Puerto Del Rosario,ES,2022-01-30 12:10:23,28.5004,-13.8627,292.01,77,20,2.06
307,Hyeres,FR,2022-01-30 12:10:24,43.1167,6.1167,288.39,54,0,2.06
308,Ucluelet,CA,2022-01-30 12:10:24,48.9329,-125.5528,280.42,93,100,1.34
309,La Palma,US,2022-01-30 12:10:24,33.8464,-118.0467,290.17,63,0,1.54
310,Bristol,US,2022-01-30 12:09:15,41.8334,-71.1662,261.47,70,0,0.89
311,Qaracala,AZ,2022-01-30 12:10:25,39.8132,48.9523,282.64,32,100,3.33
312,Arica,CL,2022-01-30 12:09:32,-18.475,-70.3042,293.41,77,90,1.25
313,Nome,US,2022-01-30 12:08:38,64.5011,-165.4064,251.02,77,0,0.0
314,Laurel,US,2022-01-30 12:10:26,39.0993,-76.8483,266.14,69,0,0.89
315,Westerland,DE,2022-01-30 12:10:26,54.9079,8.3033,279.83,65,75,11.83
316,Liverpool,GB,2022-01-30 12:10:26,53.4106,-2.9779,281.9,75,40,1.34
317,Tasiilaq,GL,2022-01-30 12:11:27,65.6145,-37.6368,260.24,34,0,13.81
318,Ponta Do Sol,PT,2022-01-30 12:11:27,32.6667,-17.1,294.33,34,1,2.59
319,Kingston,JM,2022-01-30 12:11:27,17.997,-76.7936,294.93,84,10,2.68
320,Kahului,US,2022-01-30 12:10:09,20.8947,-156.47,296.4,72,0,4.63
321,Kembe,CF,2022-01-30 12:11:28,4.6228,21.8865,311.37,10,2,1.83
322,Valdivia,CL,2022-01-30 12:11:29,-39.8142,-73.2459,287.71,89,65,1.03
323,Limbdi,IN,2022-01-30 12:11:29,22.5667,71.8,301.66,15,0,2.21
324,Vila,PT,2022-01-30 12:11:29,42.0304,-8.1588,285.56,34,0,0.56
325,Novyy Urengoy,RU,2022-01-30 12:11:30,66.0833,76.6333,249.62,99,92,3.75
326,Terra Santa,BR,2022-01-30 12:11:30,-2.1042,-56.4869,296.12,96,100,1.05
327,Ossora,RU,2022-01-30 12:11:31,59.2353,163.0719,267.66,94,100,13.5
328,Pochutla,MX,2022-01-30 12:11:31,15.7432,-96.4661,295.05,61,1,1.43
329,Axim,GH,2022-01-30 12:11:31,4.8699,-2.2405,305.27,49,43,2.81
330,Kangavar,IR,2022-01-30 12:11:32,34.5043,47.9653,278.08,34,1,5.55
331,Kargasok,RU,2022-01-30 12:11:32,59.0556,80.8572,260.55,92,100,4.27
332,Zabaykalsk,RU,2022-01-30 12:11:33,49.6333,117.3167,248.43,97,5,2.28
333,Lorengau,PG,2022-01-30 12:11:33,-2.0226,147.2712,300.28,79,100,4.32
334,Hovd,MN,2022-01-30 12:11:33,48.0056,91.6419,249.11,89,15,1.23
335,Segovia,ES,2022-01-30 12:11:34,41.1667,-4.0,288.05,24,0,0.91
336,Acarau,BR,2022-01-30 12:11:34,-2.8856,-40.12,297.97,86,100,5.1
337,Ketchikan,US,2022-01-30 12:09:45,55.3422,-131.6461,275.14,93,100,1.54
338,Puerto Escondido,MX,2022-01-30 12:11:35,15.85,-97.0667,294.61,83,0,4.12
339,Neman,RU,2022-01-30 12:11:35,55.0311,22.0264,273.68,96,100,11.92
340,Comodoro Rivadavia,AR,2022-01-30 12:11:36,-45.8667,-67.5,288.07,31,20,8.75
341,Walvis Bay,NA,2022-01-30 12:11:36,-22.9575,14.5053,294.31,71,85,5.59
342,Dhuburi,IN,2022-01-30 12:11:37,26.0333,89.9667,291.43,41,0,1.81
343,Nanortalik,GL,2022-01-30 12:11:37,60.1432,-45.2371,262.29,72,100,3.46
344,Vagur,FO,2022-01-30 12:11:37,61.4732,-6.8119,277.98,65,100,6.53
345,Wewak,PG,2022-01-30 12:11:38,-3.5534,143.6268,299.82,84,100,5.95
346,Omboue,GA,2022-01-30 12:11:38,-1.5746,9.2618,302.29,66,90,3.91
347,Santarem,BR,2022-01-30 12:11:39,-2.4431,-54.7083,298.22,94,75,2.06
348,San Patricio,US,2022-01-30 12:11:39,28.017,-97.5169,284.78,75,0,2.46
349,Hirara,JP,2022-01-30 12:11:40,24.8,125.2833,290.29,74,100,15.16
350,Guangyuan,CN,2022-01-30 12:11:40,32.442,105.823,279.1,65,82,1.29
351,Wairoa,NZ,2022-01-30 12:11:41,-39.0333,177.3667,287.93,92,2,1.26
352,Maun,BW,2022-01-30 12:11:41,-19.9833,23.4167,296.82,74,95,5.81
353,Kudahuvadhoo,MV,2022-01-30 12:11:41,2.6708,72.8944,301.13,72,100,5.55
354,Anshun,CN,2022-01-30 12:11:42,26.25,105.9333,275.19,96,100,4.11
355,Brae,GB,2022-01-30 12:11:42,60.3964,-1.353,277.1,64,100,3.12
356,Strezhevoy,RU,2022-01-30 12:11:43,60.7333,77.5889,260.14,92,100,4.28
357,Polunochnoye,RU,2022-01-30 12:11:43,60.8697,60.4153,255.5,100,100,0.88
358,Diplo,PK,2022-01-30 12:11:44,24.4667,69.584,299.36,44,0,7.38
359,Leiva,CO,2022-01-30 12:11:44,1.9339,-77.3025,288.92,93,99,0.49
360,Nemuro,JP,2022-01-30 12:11:44,43.3236,145.575,265.54,64,68,5.53
361,Bemidji,US,2022-01-30 12:09:34,47.4736,-94.8803,258.02,88,0,1.54
362,Samana,DO,2022-01-30 12:11:45,19.2056,-69.3369,294.13,100,20,0.0
363,Evensk,RU,2022-01-30 12:11:45,61.95,159.2333,264.83,53,38,11.78
364,Coquimbo,CL,2022-01-30 12:11:46,-29.9533,-71.3436,290.56,79,22,0.45
365,Oliveira Dos Brejinhos,BR,2022-01-30 12:12:46,-12.3169,-42.8961,299.1,65,60,0.85
366,San Fernando,PH,2022-01-30 12:12:46,15.0286,120.6898,298.79,86,71,2.47
367,Udachnyy,RU,2022-01-30 12:12:47,66.4167,112.4,240.77,100,22,1.24
368,Houma,US,2022-01-30 12:10:02,29.5958,-90.7195,277.15,91,0,0.89
369,Alice Springs,AU,2022-01-30 12:12:47,-23.7,133.8833,296.9,94,100,7.2
370,Seoul,KR,2022-01-30 12:11:00,37.5683,126.9778,271.84,37,0,2.74
371,Rio Cuarto,AR,2022-01-30 12:12:48,-33.1307,-64.3499,297.41,73,0,5.66
372,Keetmanshoop,NA,2022-01-30 12:12:48,-26.5833,18.1333,306.81,24,83,5.27
373,Decatur,US,2022-01-30 12:09:36,39.8403,-88.9548,270.07,80,0,6.17
374,Plattsburgh,US,2022-01-30 12:12:28,44.6995,-73.4529,256.71,55,0,2.24
375,Waw,SS,2022-01-30 12:12:49,7.7029,27.9953,306.22,10,6,3.22
376,Tilichiki,RU,2022-01-30 12:12:50,60.4667,166.1,267.83,84,92,9.03
377,Onguday,RU,2022-01-30 12:12:50,50.75,86.15,257.34,94,37,1.25
378,Warri,NG,2022-01-30 12:12:50,5.5167,5.75,309.43,10,81,3.31
379,Yarada,IN,2022-01-30 12:12:51,17.65,83.2667,298.33,65,20,2.57
380,Namatanai,PG,2022-01-30 12:12:51,-3.6667,152.4333,299.77,82,93,2.25
381,Mahina,PF,2022-01-30 12:12:52,-17.5065,-149.489,298.02,88,75,2.06
382,Smidovich,RU,2022-01-30 12:12:52,48.6,133.8167,241.3,100,11,1.26
383,Tomatlan,MX,2022-01-30 12:12:53,19.9333,-105.25,290.27,75,1,1.42
384,Jawhar,SO,2022-01-30 12:12:53,2.7809,45.5005,308.44,17,82,7.87
385,Miri,MY,2022-01-30 12:12:54,4.4148,114.0089,298.95,82,100,1.85
386,Hami,CN,2022-01-30 12:12:54,42.8,93.45,269.66,37,80,1.18
387,Pleasant Point,NZ,2022-01-30 12:12:55,-44.2667,171.1333,286.28,92,92,0.48
388,Takoradi,GH,2022-01-30 12:12:55,4.8845,-1.7554,303.54,58,35,4.34
389,Hornepayne,CA,2022-01-30 12:12:55,49.2138,-84.7705,249.54,100,97,1.67
390,Melfi,IT,2022-01-30 12:12:56,40.9965,15.6514,286.76,38,1,3.55
391,Ferrol,ES,2022-01-30 12:12:56,43.4832,-8.2369,290.7,48,69,1.23
392,San Quintin,MX,2022-01-30 12:12:57,30.4833,-115.95,286.15,74,0,2.2
393,Cabedelo,BR,2022-01-30 12:12:57,-6.9811,-34.8339,301.52,70,100,5.63
394,Chiredzi,ZW,2022-01-30 12:12:57,-21.05,31.6667,301.12,53,99,2.05
395,Padang,ID,2022-01-30 12:12:58,-0.9492,100.3543,301.18,85,100,1.59
396,Manakara,MG,2022-01-30 12:12:58,-22.1333,48.0167,301.3,58,6,3.72
397,Guadalupe,MX,2022-01-30 12:12:59,25.6833,-100.25,281.12,87,0,2.06
398,Ankazobe,MG,2022-01-30 12:12:59,-18.3167,47.1167,302.38,67,82,1.16
399,Ambanja,MG,2022-01-30 12:13:00,-13.6833,48.45,301.34,80,36,2.31
400,Norfolk,US,2022-01-30 12:13:00,42.1668,-71.2495,261.41,73,0,0.45
401,Kovdor,RU,2022-01-30 12:13:00,67.5662,30.4758,254.44,99,94,1.02
402,Gisborne,NZ,2022-01-30 12:13:01,-38.6533,178.0042,289.82,85,0,1.52
403,San Cristobal,VE,2022-01-30 12:13:01,7.7669,-72.225,291.25,84,94,0.93
404,Berdigestyakh,RU,2022-01-30 12:13:02,62.0989,126.6992,246.46,100,100,1.45
405,Husavik,IS,2022-01-30 12:13:02,66.0449,-17.3389,272.34,75,100,8.61
406,Tamworth,GB,2022-01-30 12:09:48,52.634,-1.6959,281.51,73,52,1.34
407,Jiangkou,CN,2022-01-30 12:13:03,25.4872,119.1986,283.78,76,68,6.35
408,Ayia Galini,GR,2022-01-30 12:13:03,35.1,24.6833,288.01,65,68,0.45
409,High Level,CA,2022-01-30 12:14:04,58.5169,-117.136,255.21,78,100,4.63
410,Dafeng,CN,2022-01-30 12:14:04,23.4517,108.5881,283.96,70,98,2.42
411,Karratha,AU,2022-01-30 12:14:04,-20.7377,116.8463,301.35,74,74,12.55
412,Nardaran,AZ,2022-01-30 12:14:05,40.5561,50.0056,283.95,40,0,7.2
413,Turka,UA,2022-01-30 12:14:05,49.1541,23.0297,275.26,87,97,9.08
414,Tevriz,RU,2022-01-30 12:14:06,57.509,72.4042,258.63,95,100,2.33
415,Acqui Terme,IT,2022-01-30 12:14:06,44.6751,8.4675,288.7,56,47,4.47
416,San Jeronimo,PE,2022-01-30 12:14:07,-11.9472,-75.2829,280.71,82,99,0.31
417,Kruisfontein,ZA,2022-01-30 12:14:07,-34.0033,24.7314,305.31,44,0,6.89
418,Filingue,NE,2022-01-30 12:14:07,14.3521,3.3168,302.72,8,1,8.79
419,Hvolsvollur,IS,2022-01-30 12:14:08,63.7533,-20.2243,275.52,70,100,10.54
420,Dwarka,IN,2022-01-30 12:14:08,22.2394,68.9678,295.4,57,1,4.9
421,Newport,GB,2022-01-30 12:09:21,51.5877,-2.9984,282.64,85,71,3.05
422,Guantanamo,CU,2022-01-30 12:14:09,20.1444,-75.2092,292.91,86,81,3.8
423,Lagoa,PT,2022-01-30 12:14:09,39.05,-27.9833,287.21,62,43,10.22
424,Sobolevo,RU,2022-01-30 12:14:09,54.4299,31.8996,272.58,97,100,5.15
425,Cayenne,GF,2022-01-30 12:14:10,4.9333,-52.3333,299.31,86,100,0.89
426,Severo-Yeniseyskiy,RU,2022-01-30 12:14:10,60.3725,93.0408,250.32,100,96,1.42
427,Mount Gambier,AU,2022-01-30 12:14:11,-37.8333,140.7667,290.3,97,13,2.25
428,Bairiki,KI,2022-01-30 12:14:11,1.3292,172.9752,301.12,77,83,8.48
429,Hargeysa,SO,2022-01-30 12:14:12,9.56,44.065,296.21,33,80,8.44
430,Robertsport,LR,2022-01-30 12:14:12,6.7533,-11.3686,301.17,70,30,2.5
431,Leningradskiy,RU,2022-01-30 12:14:13,69.3833,178.4167,250.45,95,100,1.6
432,Mosquera,CO,2022-01-30 12:14:13,4.7059,-74.2302,280.2,87,100,1.03
433,Komsomolskiy,UZ,2022-01-30 12:14:13,40.4272,71.7189,278.83,70,80,2.06
434,Dawei,MM,2022-01-30 12:14:14,14.0833,98.2,295.45,85,47,2.59
435,Talas,TR,2022-01-30 12:14:14,38.6908,35.5538,271.52,64,75,0.0
436,Sibolga,ID,2022-01-30 12:14:15,1.7427,98.7792,299.13,88,94,1.41
437,Xai-Xai,MZ,2022-01-30 12:14:15,-25.0519,33.6442,302.46,55,85,5.46
438,Shubarkuduk,KZ,2022-01-30 12:14:16,49.1447,56.4872,271.42,94,100,7.36
439,Loa Janan,ID,2022-01-30 12:13:56,-0.583,117.095,297.13,96,100,1.08
440,Namchi,IN,2022-01-30 12:14:16,27.1667,88.35,282.8,70,88,0.41
441,Nisia Floresta,BR,2022-01-30 12:14:16,-6.0911,-35.2086,302.6,63,100,5.46
442,Krasnyy Yar,RU,2022-01-30 12:14:17,46.5331,48.3456,277.11,80,94,4.32
443,Talara,PE,2022-01-30 12:14:17,-4.5772,-81.2719,295.37,80,100,5.09
444,Abapo,BO,2022-01-30 12:14:18,-18.8333,-63.4667,295.63,49,54,0.61
445,Ostersund,SE,2022-01-30 12:14:18,63.1792,14.6357,271.4,74,20,7.2
446,Russell,US,2022-01-30 12:14:19,32.3502,-85.1999,273.99,93,0,0.0
447,Serenje,ZM,2022-01-30 12:14:19,-13.2325,30.2352,289.0,97,100,1.31
448,Harper,LR,2022-01-30 12:14:19,4.375,-7.7169,303.45,63,39,1.51
449,Oran,DZ,2022-01-30 12:14:20,35.6911,-0.6417,288.99,36,0,3.6
450,Nizhnevartovsk,RU,2022-01-30 12:14:20,60.9344,76.5531,260.16,92,0,5.0
451,Victoria,HK,2022-01-30 12:12:47,22.2855,114.1577,290.0,67,40,1.34
452,Chitral,PK,2022-01-30 12:14:21,35.8462,71.7858,275.59,74,69,1.59
453,Bratsk,RU,2022-01-30 12:14:21,56.1325,101.6142,253.42,98,100,1.38
454,Changli,CN,2022-01-30 12:14:22,39.7042,119.1506,271.16,60,7,2.19
455,Henties Bay,NA,2022-01-30 12:15:22,-22.116,14.2845,294.18,72,100,5.2
456,Tazmalt,DZ,2022-01-30 12:15:22,36.3868,4.3989,287.66,39,0,0.66
457,Deyang,CN,2022-01-30 12:15:23,31.1302,104.382,278.38,81,97,2.06
458,Abu Samrah,SY,2022-01-30 12:15:23,35.3029,37.1841,284.28,51,96,1.14
459,Shenjiamen,CN,2022-01-30 12:15:24,29.9576,122.298,278.99,68,93,7.01
460,Faya,SA,2022-01-30 12:15:24,18.3851,42.4509,291.44,49,5,5.45
461,Yulara,AU,2022-01-30 12:15:25,-25.2406,130.9889,299.06,83,100,6.17
462,Rawson,AR,2022-01-30 12:15:25,-43.3002,-65.1023,288.31,55,40,7.72
463,Chara,RU,2022-01-30 12:15:25,56.9064,118.2631,245.71,86,33,0.69
464,Mehamn,NO,2022-01-30 12:15:26,71.0357,27.8492,272.12,64,75,7.2
465,Batticaloa,LK,2022-01-30 12:15:26,7.7102,81.6924,300.17,79,24,4.32
466,Colares,PT,2022-01-30 12:15:27,38.7992,-9.4469,290.27,33,0,2.24
467,Kiunga,PG,2022-01-30 12:15:27,-6.1219,141.2906,295.97,97,100,0.62
468,Marystown,CA,2022-01-30 12:15:04,47.1666,-55.1483,282.01,98,100,11.62
469,Nouadhibou,MR,2022-01-30 12:15:28,20.931,-17.0347,293.14,64,100,9.26
470,Fort Nelson,CA,2022-01-30 12:15:28,58.8053,-122.7002,255.92,78,100,2.57
471,Mogadishu,SO,2022-01-30 12:14:18,2.0371,45.3438,301.24,63,20,10.12
472,Jalu,LY,2022-01-30 12:15:29,29.0331,21.5482,288.18,41,73,9.01
473,Lichtenburg,ZA,2022-01-30 12:15:29,-26.152,26.1597,291.52,74,92,5.04
474,San Giovanni Rotondo,IT,2022-01-30 12:15:30,41.7049,15.7191,285.09,35,0,1.54
475,Nhulunbuy,AU,2022-01-30 12:15:30,-12.2333,136.7667,300.49,83,40,5.66
476,Luzhou,CN,2022-01-30 12:15:31,28.8724,105.4405,281.84,81,99,2.22
477,Cayhagan,PH,2022-01-30 12:15:31,9.6697,122.4256,299.2,80,51,1.95
478,Xingcheng,CN,2022-01-30 12:15:31,40.6167,120.7167,267.99,69,5,0.97
479,Dhidhdhoo,MV,2022-01-30 12:15:32,6.8833,73.1,300.98,75,21,5.37
480,Buin,CL,2022-01-30 12:15:32,-33.7333,-70.75,295.3,74,15,0.69
481,Kabugao,PH,2022-01-30 12:15:33,18.0217,121.1842,294.44,99,99,1.1
482,Luderitz,NA,2022-01-30 12:15:33,-26.6481,15.1594,295.14,71,21,5.45
483,Luena,AO,2022-01-30 12:15:34,-11.7833,19.9167,298.63,51,100,5.72
484,Marrakesh,MA,2022-01-30 12:15:34,31.6315,-8.0083,296.19,27,40,1.03
485,Port Hedland,AU,2022-01-30 12:15:35,-20.3167,118.5667,302.18,74,47,10.29
486,Boueni,YT,2022-01-30 12:15:35,-12.9025,45.0761,302.14,68,4,3.19
487,Porbandar,IN,2022-01-30 12:15:36,21.6422,69.6093,297.19,47,0,5.95
488,Bondo,CD,2022-01-30 12:15:36,3.8146,23.6866,309.81,11,1,1.86
489,Zelenoborsk,RU,2022-01-30 12:15:37,61.4669,64.0333,256.23,100,97,1.5
490,Kerema,PG,2022-01-30 12:15:37,-7.9631,145.7785,298.22,83,100,1.74
491,Karasburg,NA,2022-01-30 12:15:37,-28.0167,18.75,308.17,20,84,5.91
492,Clayton,US,2022-01-30 12:13:54,33.5335,-84.3666,273.2,56,0,0.45
493,Buzmeyin,TM,2022-01-30 12:15:38,38.0507,58.2056,285.0,40,20,2.06
494,Puerto Baquerizo Moreno,EC,2022-01-30 12:15:39,-0.9,-89.6,296.0,83,100,4.68
495,Sechura,PE,2022-01-30 12:15:39,-5.5569,-80.8222,295.1,75,100,4.39
496,Grand Forks,US,2022-01-30 12:15:39,47.9417,-97.4337,258.97,99,56,1.47
497,Tres Picos,MX,2022-01-30 12:15:40,15.8667,-93.5333,293.49,69,1,3.8
498,Sarangani,PH,2022-01-30 12:15:40,5.4033,125.4636,300.71,71,71,1.65
499,Rorvik,NO,2022-01-30 12:15:41,64.8621,11.2373,275.21,60,40,7.72
500,Verkhovazhye,RU,2022-01-30 12:16:41,60.7472,42.0465,263.77,94,88,2.87
501,Wajima,JP,2022-01-30 12:16:41,37.4,136.9,274.69,66,100,6.19
502,Floriano,BR,2022-01-30 12:16:42,-6.7669,-43.0225,298.79,76,100,2.09
503,Durham,US,2022-01-30 12:15:38,36.0335,-78.8664,267.14,66,20,1.54
504,Bac Lieu,VN,2022-01-30 12:16:42,9.285,105.7244,298.73,79,54,2.89
505,Xuddur,SO,2022-01-30 12:16:43,4.1213,43.8894,306.25,17,48,7.58
506,Necochea,AR,2022-01-30 12:16:43,-38.5473,-58.7368,300.39,62,87,9.74
507,Vanderhoof,CA,2022-01-30 12:16:05,54.0166,-124.0198,268.58,96,98,0.86
508,Monticello,US,2022-01-30 12:16:44,45.3055,-93.7941,266.12,76,100,4.12
509,Santiago,CL,2022-01-30 12:12:21,-33.4569,-70.6483,294.81,49,20,1.03
510,Iguape,BR,2022-01-30 12:16:44,-24.7081,-47.5553,295.41,95,100,3.98
511,Barentu,ER,2022-01-30 12:16:45,15.1139,37.5928,302.42,29,80,4.57
512,Saint-Georges,GD,2022-01-30 12:13:18,12.0564,-61.7485,298.47,76,83,6.76
513,West Wendover,US,2022-01-30 12:12:43,40.7391,-114.0733,270.14,43,0,0.58
514,Great Bend,US,2022-01-30 12:16:46,38.3645,-98.7648,270.71,86,0,0.0
515,Turayf,SA,2022-01-30 12:16:46,31.6725,38.6637,287.29,33,0,4.12
516,Pemba,MZ,2022-01-30 12:16:46,-12.974,40.5178,300.76,71,10,3.57
517,Bazpur,IN,2022-01-30 12:16:47,29.15,79.1167,290.94,44,1,3.12
518,Okha,RU,2022-01-30 12:16:47,53.5739,142.9478,253.85,93,95,4.92
519,Tuatapere,NZ,2022-01-30 12:16:48,-46.1333,167.6833,288.61,94,85,1.03
520,Stolin,BY,2022-01-30 12:16:49,51.8912,26.846,274.51,94,99,6.89
521,Mao,ES,2022-01-30 12:16:49,39.8885,4.2658,289.46,36,0,5.14
522,Nishihara,JP,2022-01-30 12:16:50,26.1842,127.7558,289.18,77,100,11.83
523,Thyboron,DK,2022-01-30 12:16:50,56.6985,8.2124,279.36,66,8,15.97
524,Nobeoka,JP,2022-01-30 12:16:51,32.5833,131.6667,278.02,68,62,4.51
525,Pisco,PE,2022-01-30 12:16:51,-13.7,-76.2167,293.18,83,100,1.03
526,Lerwick,GB,2022-01-30 12:14:16,60.1545,-1.1494,277.15,62,100,2.58
527,Richards Bay,ZA,2022-01-30 12:16:52,-28.783,32.0377,300.98,59,51,5.35
528,La Libertad,EC,2022-01-30 12:16:52,-2.2333,-80.9,296.96,88,100,3.09
529,Tarko-Sale,RU,2022-01-30 12:16:52,64.9225,77.785,252.7,97,89,3.92
530,Beboto,TD,2022-01-30 12:16:53,8.2668,16.939,306.79,9,68,2.97
531,Huangmei,CN,2022-01-30 12:16:53,30.1924,116.025,276.92,77,85,1.51
532,Butembo,CD,2022-01-30 12:16:54,0.15,29.2833,299.28,31,49,1.7
533,Aswan,EG,2022-01-30 12:16:54,24.0934,32.907,292.43,22,43,5.24
534,Asyut,EG,2022-01-30 12:16:54,27.181,31.1837,290.61,31,2,4.51
535,Tulu Bolo,ET,2022-01-30 12:16:55,8.6667,38.2167,298.45,18,91,3.87
536,Kralendijk,BQ,2022-01-30 12:16:55,12.15,-68.2667,297.14,94,40,2.06
537,Campbell River,CA,2022-01-30 12:16:56,50.0163,-125.2446,278.89,97,100,3.4
538,Surt,LY,2022-01-30 12:16:57,31.2089,16.5887,287.32,50,81,8.02
539,Kenai,US,2022-01-30 12:16:57,60.5544,-151.2583,265.39,93,100,0.0
540,Ouallam,NE,2022-01-30 12:16:57,14.3188,2.0866,302.8,7,1,9.23
541,Pozhva,RU,2022-01-30 12:16:58,59.0912,56.0847,260.29,97,90,1.44
542,Fairbanks,US,2022-01-30 12:16:24,64.8378,-147.7164,240.13,67,0,0.0
543,Ballina,AU,2022-01-30 12:16:59,-28.8667,153.5667,297.25,87,94,3.47
544,Kendari,ID,2022-01-30 12:16:59,-3.945,122.4989,299.67,82,78,1.41
545,Guane,CU,2022-01-30 12:18:00,22.2025,-84.0875,289.42,59,98,3.7
546,Venado Tuerto,AR,2022-01-30 12:18:00,-33.7456,-61.9688,297.47,53,0,4.7
547,Savannakhet,LA,2022-01-30 12:18:00,16.566,104.751,297.83,64,47,5.44
548,Makakilo City,US,2022-01-30 12:18:01,21.3469,-158.0858,295.33,73,0,1.54
549,Male,MV,2022-01-30 12:18:01,4.1748,73.5089,301.27,72,88,5.62
550,Margate,GB,2022-01-30 12:18:02,51.3813,1.3862,281.58,79,18,1.23
551,Florida,US,2022-01-30 12:18:03,28.7505,-82.5001,274.76,93,0,0.0
552,Bonthe,SL,2022-01-30 12:15:23,7.5264,-12.505,304.07,53,35,2.38
553,Mackay,AU,2022-01-30 12:18:04,-21.15,149.2,299.26,84,9,5.76
554,Yamada,JP,2022-01-30 12:14:16,39.4667,141.95,270.12,60,29,2.27
555,Rio Gallegos,AR,2022-01-30 12:18:04,-51.6226,-69.2181,281.18,71,20,10.8
556,Buchanan,LR,2022-01-30 12:18:05,5.8808,-10.0467,305.13,61,67,2.03
557,Viransehir,TR,2022-01-30 12:18:05,37.2353,39.7631,278.82,65,100,1.6
558,Show Low,US,2022-01-30 12:15:14,34.2542,-110.0298,274.53,50,75,0.0
559,Sao Jose Da Coroa Grande,BR,2022-01-30 12:18:06,-8.8978,-35.1478,300.59,74,89,4.21
560,Tomohon,ID,2022-01-30 12:18:07,1.3346,124.8392,293.67,93,98,1.15
561,Batouri,CM,2022-01-30 12:18:07,4.4333,14.3667,308.54,11,69,2.66
562,Meulaboh,ID,2022-01-30 12:18:07,4.1363,96.1285,300.66,73,78,4.11
563,Sebinkarahisar,TR,2022-01-30 12:18:08,40.2883,38.4236,268.65,90,99,0.85
564,Katherine,AU,2022-01-30 12:15:07,-14.4667,132.2667,300.33,78,95,4.63
565,Tautira,PF,2022-01-30 12:18:09,-17.7333,-149.15,298.16,75,78,3.99
566,Urumqi,CN,2022-01-30 12:18:09,43.801,87.6005,255.68,78,99,1.0
567,Meaford,CA,2022-01-30 12:15:08,44.6001,-80.583,263.65,85,92,5.41
568,Deniliquin,AU,2022-01-30 12:18:10,-35.5333,144.9667,298.15,59,54,2.26
569,Gizo,SB,2022-01-30 12:18:10,-8.103,156.8419,301.27,77,100,3.66
570,Gigmoto,PH,2022-01-30 12:18:11,13.7796,124.39,299.45,85,7,0.71
571,Jiuquan,CN,2022-01-30 12:18:11,39.7432,98.5174,266.22,42,19,2.83
572,Campagna,IT,2022-01-30 12:18:12,40.6653,15.1059,284.6,50,0,2.68
573,Salalah,OM,2022-01-30 12:18:12,17.0151,54.0924,299.2,57,20,2.57
574,Lensk,RU,2022-01-30 12:18:12,60.7253,114.9278,248.27,100,87,1.75
575,Farah,AF,2022-01-30 12:18:13,32.5,62.5,286.34,30,48,2.91
576,Bathsheba,BB,2022-01-30 12:18:13,13.2167,-59.5167,299.49,69,20,7.72
577,Wilmington,US,2022-01-30 12:16:43,34.2257,-77.9447,269.18,63,0,0.0
578,Keti Bandar,PK,2022-01-30 12:18:14,24.1447,67.4497,296.56,69,0,6.75
579,Lukovetskiy,RU,2022-01-30 12:18:15,64.2956,41.9211,263.14,94,100,2.72
580,Naryan-Mar,RU,2022-01-30 12:18:15,67.6713,53.087,261.76,93,99,5.45
581,Storsteinnes,NO,2022-01-30 12:18:16,69.2408,19.2344,267.15,86,100,1.25
582,Morros,BR,2022-01-30 12:18:16,-9.4467,-46.3003,297.27,74,90,2.97
583,Ariquemes,BR,2022-01-30 12:18:17,-9.9133,-63.0408,294.87,99,100,1.8
